,name,nationality_1,nationality_2,team,jersey,position_1,position_2,archetype,height_feet,height_cm,weight_lbs,weight_kg,wingspan_feet,wingspan_cm,season_salary,years_in_the_nba,birthdate,hometown,prior_to_nba,overall,group_outside_scoring,close_shot,mid_range_shot,three_point_shot,free_throw,shot_iq,offensive_consistency,group_athleticism,speed,agility,strength,vertical,stamina,hustle,overall_durability,group_inside_scoring,layup,standing_dunk,driving_dunk,post_hook,post_fade,post_control,draw_foul,hands,group_playmaking,pass_accuracy,ball_handle,speed_with_ball,pass_iq,pass_vision,group_defense,interior_defense,perimeter_defense,steal,block,help_defense_iq,pass_perception,defensive_consistency,group_rebounding,offensive_rebound,defensive_rebound,intangibles,potential,total_attributes,badge_deadeye,badge_limitless_range,badge_mini_marksman,badge_set_shot_specialist,badge_shifty_shooter,badge_aerial_wizard,badge_float_game,badge_hook_specialist,badge_layup_mixmaster,badge_paint_prodigy,badge_physical_finisher,badge_post_fade_phenom,badge_post_powerhouse,badge_post_up_poet,badge_posterizer,badge_rise_up,badge_ankle_assassin,badge_bail_out,badge_break_starter,badge_dimer,badge_handles_for_days,badge_lightning_launch,badge_strong_handle,badge_unpluckable,badge_versatile_visionary,badge_challenger,badge_glove,badge_high_flying_denier,badge_immovable_enforcer,badge_interceptor,badge_off_ball_pest,badge_on_ball_menace,badge_paint_patroller,badge_pick_dodger,badge_post_lockdown,badge_boxout_beast,badge_rebound_chaser,badge_brick_wall,badge_slippery_off_ball,badge_pogo_stick
0,Aaliyah Edwards,,,Washington Mystics,24,PF,C,Paint Protector,"6'3""",191,185,83,"6'7""",201,,,"July 9, 2002",,,79,74,92,67,40,68,98,80,73,61,57,74,64,90,83,80,63,80,25,25,68,65,75,71,98,50,39,58,55,58,40,64,71,55,46,76,68,65,70,71,62,79,90,89,2482,,,,,,,,,silver,silver,bronze,silver,,silver,,,,,,,,,,,,,,silver,,bronze,,,,,bronze,,,bronze,,
1,Aari McDonald,,,Los Angeles Sparks,15,PG,SG,Playmaking 3PT Threat,"5'6""",168,141,63,"5'9""",175,,,"August 20, 1998","Fresno, California",,78,75,70,43,78,84,98,75,73,93,73,39,65,80,80,80,44,72,25,25,25,25,44,35,98,84,81,85,90,85,80,67,40,73,63,35,86,85,85,40,37,43,98,79,2452,,,,,,,,,,,,,,,,,,bronze,,silver,bronze,,,,,,,,,,,,,,,,,,,
2,Aerial Powers,,,Atlanta Dream,23,SF,SG,Balanced Wing,"5'11""",180,170,77,"6'3""",191,,,"January 17, 1994","Detroit, Michigan",,80,81,80,75,77,79,95,80,71,75,64,69,67,80,65,80,52,88,25,25,30,45,38,80,85,72,68,79,73,79,60,63,45,70,75,51,68,70,60,55,52,58,85,80,2475,,,,,,,silver,,silver,,silver,,,,,,,,,,,,,,,,,,,,,,,,,,,,silver,
3,A’ja Wilson,,,Las Vegas Aces,22,PF,C,All-Around Star,"6'4""",193,195,88,"6'8""",203,,,"August 8, 1996","Columbia, South Carolina",,99,94,98,95,85,87,98,98,86,72,83,89,81,98,98,80,79,97,25,25,96,96,97,98,98,73,64,89,64,89,59,92,96,84,90,90,95,92,98,92,90,94,98,99,3185,,,bronze,gold,silver,,gold,hof,gold,hof,hof,hof,hof,hof,,,bronze,,silver,,,,gold,silver,,gold,,gold,bronze,silver,silver,silver,hof,,gold,hof,gold,hof,,gold
4,Alanna Smith,,,Minnesota Lynx,8,PF,C,2-Way Inside-Out Shot Creator,"6'4""",193,180,81,"6'8""",203,,,"September 10, 1996","Tasmania, Australia",,88,83,90,58,91,77,98,85,82,79,79,84,60,95,98,80,60,82,25,25,57,51,70,72,98,72,75,71,72,71,69,82,91,71,71,80,85,81,95,67,65,68,98,88,2805,silver,silver,silver,silver,bronze,,gold,,gold,,silver,,,,,,,,,,,,,,,bronze,bronze,gold,,bronze,,silver,gold,gold,gold,bronze,silver,silver,,silver
5,Alissa Pili,,,Minnesota Lynx,35,SF,PF,3 & D Wing,"6'2""",188,181,81,"6'6""",198,,,"June 8, 2001",,,73,74,76,83,82,82,50,70,77,69,72,84,62,90,85,80,54,70,25,25,45,74,61,70,65,57,52,60,60,60,54,72,74,82,56,68,80,82,60,65,54,75,25,85,2447,,,,,bronze,,,,,,,,,,,,,,,,,,bronze,,,,,,,,,,,,,,bronze,bronze,,
6,Aliyah Boston,,,Indiana Fever,7,PF,C,2-Way Slashing Shot Creator,"6'5""",196,220,99,"6'9""",206,,,"December 11, 2001","St. Thomas, Virgin Islands",,89,82,94,80,55,69,98,95,78,55,62,90,67,97,98,80,72,89,25,25,88,86,89,75,98,66,70,74,50,74,62,75,89,55,41,80,83,84,95,82,83,80,98,89,2822,,,,,,,,silver,silver,silver,gold,silver,gold,gold,,,,,silver,,,,,,,,,silver,silver,,,,silver,,gold,gold,gold,silver,,
7,Allisha Gray,,,Atlanta Dream,15,SG,SF,2-Way Inside-Out Combo Guard,"6'0""",183,167,75,"6'4""",193,,,"January 12, 1995","Greenwood, South Carolina",,85,85,76,74,82,79,98,98,80,85,86,52,68,95,95,80,62,91,25,25,55,55,55,93,98,82,84,88,84,88,67,71,60,82,46,56,84,86,85,44,40,48,85,85,2733,,bronze,,silver,,,silver,,silver,,,,,,,,,,,silver,bronze,,,,silver,,,,bronze,,,gold,,,,,,,gold,
8,Alysha Clark,,,Las Vegas Aces,7,SF,PF,3 & D Wing,"5'11""",180,167,75,"6'3""",191,,,"July 7, 1987","Denver, Colorado",,73,74,86,77,86,81,40,75,78,75,85,69,67,85,85,80,51,71,25,25,57,54,69,34,70,55,66,51,68,51,41,72,78,84,53,45,82,80,85,46,36,55,25,78,2374,bronze,,,,,,,,,,,,,,,,,,,,,,,,,,,,,,,,,,,,,,gold,
9,Alyssa Thomas,,,Connecticut Sun,25,PF,C,2-Way Inside-The-Arc Playmaker,"6'2""",188,190,86,"6'6""",198,,,"April 12, 1992","Harrisburg, Pennsylvania",,95,78,94,81,34,63,98,98,85,95,88,80,62,95,98,80,73,83,25,25,84,86,88,91,98,86,92,90,64,90,94,85,94,87,79,55,95,85,98,89,88,90,80,95,3022,,,,,,,,bronze,gold,hof,,silver,gold,hof,,,,silver,hof,hof,,bronze,hof,silver,hof,gold,bronze,,silver,gold,,gold,gold,silver,gold,hof,gold,silver,,silver
10,Amy Atwell,,,Phoenix Mercury,12,SF,,Versatile Defender,"6'0""",183,165,74,"6'4""",193,,,,,,70,61,60,78,66,64,60,40,75,63,50,82,70,90,90,80,55,60,25,25,66,67,72,40,85,58,66,69,50,72,32,75,78,68,76,83,77,70,70,74,72,75,25,89,2405,,,,,,,,,,,,,,,,,,,,,,,,,,,,bronze,bronze,,,,bronze,,,bronze,,bronze,,bronze
11,Angel Reese,,,Chicago Sky,5,PF,C,Defensive Anchor,"6'3""",191,185,83,"6'7""",201,,,"May 6, 2002",,,90,74,70,66,45,74,98,90,84,74,64,93,79,98,98,80,67,68,25,25,71,65,88,94,98,64,82,71,61,71,37,78,88,61,59,65,90,88,98,95,98,91,98,90,2811,,,,,,,,,,,silver,,silver,,,,,,bronze,,,,,,,gold,,silver,gold,gold,,silver,gold,,gold,gold,hof,gold,silver,silver
12,Ariel Atkins,,,Washington Mystics,7,SG,SF,2-Way Sharpshooter,"5'10""",178,167,75,"6'2""",188,,,"July 30, 1996","Dallas, Texas",,83,85,85,88,87,82,85,85,80,77,94,54,68,95,95,80,59,79,25,25,56,58,56,86,85,76,77,79,75,79,69,77,75,86,73,52,88,82,85,45,43,46,50,83,2687,silver,,bronze,silver,,,gold,,,,gold,,,,,,,,,,,,,,,gold,gold,,silver,gold,gold,gold,,gold,,,,,,
13,Arike Ogunbowale,,,Dallas Wings,24,SG,PG,2-Way 3-Level Combo Guard,"5'8""",173,165,74,"5'11""",180,,,"March 2, 1997","Milwaukee, Wisconsin",,92,89,75,77,92,92,98,98,83,82,86,74,74,95,92,80,65,84,25,25,68,64,63,94,95,84,85,95,81,88,73,78,64,84,97,37,88,93,85,44,37,51,80,92,2863,gold,bronze,hof,gold,gold,,gold,,gold,,gold,,,,,,gold,gold,,,hof,,bronze,,bronze,gold,silver,,bronze,hof,,silver,,,,,,,hof,
14,Astou Ndour-Fall,,,Connecticut Sun,45,C,PF,2-Way Stretch Five,"6'5""",196,162,73,"6'9""",206,,,"August 22, 1994","Dekar, Senegal",,76,81,79,75,84,80,95,70,70,68,38,75,68,80,83,80,61,78,25,25,74,77,70,60,78,45,35,54,53,54,31,69,80,68,38,71,78,75,75,63,63,62,25,76,2400,,,,gold,,,,,,,,,,,,,,,,,,,,,,,,,,,,,,,,,,gold,,silver
15,Awak Kuier,,,Dallas Wings,28,C,PF,Versatile Defender,"6'6""",198,168,76,"6'10""",208,,,"August 19, 2001","Cairo, Egypt",,73,61,59,57,55,67,75,50,72,75,38,77,68,85,83,80,59,74,25,25,72,66,73,59,78,48,35,54,62,54,33,70,76,68,41,87,78,72,70,60,50,70,70,90,2351,,,,,,,,,,,,,,,,,,,,,,,,,,,,,,,,,,,,,,,,
16,Azurá Stevens,,,Los Angeles Sparks,23,PF,C,2-Way Inside-Out Threat,"6'6""",198,180,81,"6'10""",208,,,"February 1, 1996","Pawtucket, Rhode Island",,82,80,89,51,80,75,98,89,71,60,38,84,61,89,88,80,66,72,25,25,85,70,75,75,98,48,38,51,48,51,54,74,79,65,59,76,82,69,85,62,49,75,98,82,2568,,,,gold,,,,silver,,,,,,,,,,,,,,,,,,,,,,,,,,,,,,,,
17,Betnijah Laney-Hamilton,,,New York Liberty,44,SF,SG,3 & D Wing,"6'0""",183,166,75,"6'4""",193,,,"October 29, 1993","Clayton, Delaware",,84,85,93,85,86,88,80,80,82,76,94,69,75,88,95,80,63,78,25,25,66,69,69,70,98,75,76,81,70,81,65,71,72,92,50,27,84,82,90,46,43,49,30,84,2665,bronze,,bronze,silver,gold,,,,gold,,silver,,,,,,silver,,,,,,,,,gold,hof,,gold,gold,gold,gold,,silver,,,,,,
18,Breanna Stewart,,,New York Liberty,30,PF,SF,All-Around Star,"6'4""",193,170,77,"7'1""",216,,,"August 27, 1994","North Syracuse, New York",,97,91,97,89,79,86,98,98,83,80,78,82,68,97,95,80,75,96,25,25,89,89,84,95,98,79,84,85,73,85,70,85,92,79,88,80,86,86,85,77,72,82,85,97,3057,gold,,,hof,gold,,gold,silver,hof,gold,gold,gold,gold,hof,,,,gold,gold,,,,bronze,,bronze,silver,silver,silver,silver,silver,gold,,hof,,gold,hof,,gold,gold,bronze
19,Brianna Turner,,,Chicago Sky,21,C,PF,2-Way Mid-Range Threat,"6'3""",191,170,77,"6'7""",201,,,"July 5, 1996","Pearland, Texas",,73,65,84,77,27,80,77,45,75,65,68,78,61,83,88,80,52,67,25,25,61,48,64,44,80,43,37,47,48,47,34,72,82,57,59,81,79,74,75,64,55,72,40,78,2292,,,,,,,,,,,,,,,,,,,,,,,,,,,,bronze,,,,,bronze,,,,,,,gold
20,Bridget Carleton,,,Minnesota Lynx,6,SF,PF,Perimeter Shot Creator,"6'1""",185,179,81,"6'5""",196,,,"May 22, 1997","Chatham, Canada",,80,83,85,79,94,80,98,60,71,66,55,64,60,85,88,80,54,75,25,25,51,50,50,60,98,66,70,75,63,75,49,49,55,58,46,45,45,55,40,46,44,47,85,80,2360,gold,silver,bronze,gold,,,,,,,,,,,,,,,,,,,,,,,,,,,,,,,,,,,,
21,Brionna Jones,,,Connecticut Sun,42,PF,C,2-Way Inside-The-Arc Menace,"6'3""",191,210,95,"6'7""",201,,,"December 18, 1995","Harve de Grace, Maryland",,90,80,92,90,26,76,98,98,78,52,62,91,71,95,95,80,75,88,25,25,92,90,94,89,98,56,60,64,47,64,45,80,85,60,80,58,91,85,98,74,73,75,98,90,2800,,,,,,,gold,gold,silver,gold,hof,gold,gold,gold,,,,,,,,,,,,,,,silver,silver,,,silver,silver,silver,gold,silver,gold,,bronze
22,Brittney Griner,,,Phoenix Mercury,42,C,,2-Way Inside-The-Arc Threat,"6'9""",206,205,92,"7'1""",216,,,"October 18, 1990","Houston, Texas",,92,86,98,82,59,79,98,98,80,69,70,96,54,95,95,80,74,89,25,25,92,88,93,87,95,62,54,70,54,70,63,78,88,75,37,87,89,82,90,77,74,79,98,92,2869,,,,,,,,gold,,gold,silver,gold,hof,hof,,,,,,,,,,,,,,gold,,bronze,gold,,hof,,hof,gold,gold,gold,,gold
23,Brittney Sykes,,,Washington Mystics,20,SG,SF,Defensive Menace,"5'9""",175,154,69,"6'0""",183,,,"February 7, 1994","Newark, New Jersey",,85,81,91,65,78,83,89,80,79,86,90,48,74,80,95,80,55,84,25,25,40,48,49,80,89,78,77,75,86,75,79,80,69,87,91,47,87,92,85,50,41,59,98,85,2712,,,,,bronze,,bronze,,,,,,,,,,,,,bronze,,,silver,silver,,gold,bronze,,gold,silver,silver,gold,,gold,,,,,,bronze
24,Caitlin Bickle,,,Connecticut Sun,0,SF,,3 & D Threat,"6'1""",185,150,68,"6'5""",196,,,"May 5, 2000","Cave Creek, Arizona",,71,69,65,70,78,80,70,50,77,77,78,70,68,82,85,80,47,62,25,25,44,42,52,44,85,54,48,60,66,60,37,68,60,79,52,59,73,72,80,71,70,72,40,79,2339,,,,,,,,,,,,,,,,,,,,,,,,,,,,,,,,,,,,,,,,
25,Caitlin Clark,,,Indiana Fever,22,PG,SG,2-Way 3-Level Playmaker,"6'0""",183,170,77,"6'4""",193,,,"January 12, 2002",,,91,89,91,80,90,90,92,89,81,88,86,59,63,95,95,80,53,83,25,25,30,35,35,93,95,93,97,93,89,93,93,69,39,83,59,61,80,80,80,48,32,63,85,99,2745,gold,hof,silver,silver,gold,,silver,,,,,,,,,,silver,hof,silver,hof,silver,bronze,,,gold,silver,,,bronze,silver,silver,bronze,,,,,,,,
26,Cameron Brink,,,Los Angeles Sparks,22,PF,C,2-Way Stretch Four,"6'4""",193,170,77,"6'8""",203,,,"December 31, 2001",,,80,81,84,79,79,84,75,85,76,64,61,77,70,90,88,80,60,75,25,25,75,60,77,72,70,54,51,59,49,59,50,77,84,63,65,94,80,65,85,74,67,80,70,95,2611,,,,,,,,bronze,,,bronze,bronze,,silver,,,,,,,,,,,,,,gold,silver,,,,bronze,,silver,silver,,,,bronze
27,Cecilia Zandalasini,,,Minnesota Lynx,9,SF,,Catch & Shoot Ace,"6'2""",188,175,79,"6'6""",198,,,,,,76,78,68,80,91,84,88,55,79,78,78,75,67,84,90,80,44,66,25,25,38,42,39,36,81,58,61,55,69,55,50,59,42,72,43,51,72,70,60,40,31,48,70,88,2307,bronze,,bronze,silver,,,,,,,,,,,,,,,,,,,,,,,,,,,,,,,,,,,,
28,Celeste Taylor,,,Phoenix Mercury,6,PG,SG,3 & D Point,"5'11""",180,165,74,"6'3""",191,,,"June 20, 2001",,,75,68,67,68,75,64,85,50,80,79,80,49,89,90,95,80,42,71,25,25,25,27,31,41,88,70,67,68,76,68,70,74,31,79,85,74,80,82,85,61,60,61,89,80,2459,,,,,,,,,,,,,,,,,,,,,,,,,,,,,,silver,,,,,,,,,,
29,Charisma Osborne,,,Phoenix Mercury,24,PG,,Perimeter Defender,"5'9""",175,166,75,"6'0""",183,,,"July 3, 2001",,,71,65,71,64,70,62,75,50,72,81,71,39,65,80,85,80,48,85,25,25,28,29,40,75,80,70,71,65,79,65,71,63,42,75,67,35,74,71,80,38,32,43,80,75,2305,,,,,,,,,,,,,,,,,,,,,,,,,,,,,,,,,,,,,,,,
30,Chelsea Gray,,,Las Vegas Aces,12,PG,SG,2-Way 3-Level Playmaker,"5'11""",180,170,77,"6'3""",191,,,"October 8, 1992","Hayward, California",,86,88,94,82,79,92,90,90,80,90,88,68,67,90,80,80,50,89,25,25,31,43,42,60,85,88,86,92,90,92,78,69,54,86,53,62,78,74,75,40,29,50,40,86,2615,,bronze,,,gold,,bronze,,bronze,,,,,,,,hof,,,gold,gold,gold,gold,hof,gold,bronze,,,silver,bronze,silver,gold,,gold,,,,,,
31,Chennedy Carter,,,Chicago Sky,7,SG,SF,2-Way Inside-The-Arc Playmaker,"5'9""",175,143,64,"6'0""",183,,,,,,89,82,91,84,70,75,75,95,81,86,86,47,72,97,97,80,59,85,25,25,36,68,42,89,98,86,82,88,86,98,76,73,42,84,66,51,86,84,95,48,39,57,98,89,2744,,,silver,bronze,silver,,gold,,gold,,silver,,,,,,silver,,,silver,bronze,gold,silver,gold,silver,silver,silver,,gold,silver,gold,silver,,,,,bronze,,bronze,
32,Cheyenne Parker-Tyus,,,Atlanta Dream,32,PF,C,2-Way Inside-The-Arc Threat,"6'4""",193,193,87,"6'8""",203,,,"August 22, 1992","Queens, New York",,84,83,86,81,56,89,98,85,76,71,65,81,63,84,86,80,69,83,25,25,83,79,81,84,95,58,59,60,54,60,58,73,84,57,66,70,79,75,80,66,60,72,98,94,2706,,,,,,,,bronze,,bronze,silver,silver,silver,gold,,,,,,,,,,,,,,silver,silver,,,,silver,,bronze,,bronze,,,
33,Courtney Vandersloot,,,New York Liberty,22,PG,,2-Way Inside-The-Arc Playmaker,"5'8""",173,137,62,"5'11""",180,,,"February 8, 1989","Kent, Washington",,79,73,85,74,68,76,40,95,80,84,78,55,70,95,95,80,48,90,25,25,25,40,28,70,84,88,84,91,84,95,86,67,55,81,46,55,77,78,75,41,35,47,25,89,2485,,,,gold,,,gold,,silver,,silver,,,,,,silver,gold,silver,gold,gold,gold,,gold,gold,,,,,,,,,,,,,,,
34,Courtney Williams,,,Minnesota Lynx,10,SG,PG,2-Way Perimeter Combo Guard,"5'8""",173,139,63,"5'11""",180,,,"May 11, 1994","Folkston, Georgia",,82,82,84,81,83,80,85,80,79,77,75,68,65,95,95,80,52,70,25,25,44,45,40,82,85,85,89,89,73,89,87,69,62,82,53,51,79,82,75,49,32,66,40,90,2603,silver,bronze,silver,,silver,,,,bronze,,,,,,,,gold,silver,,silver,silver,gold,,,silver,,,,,,,,,,,,,,gold,
35,Crystal Dangerfield,,,Los Angeles Sparks,14,PG,SG,Rim Attacker,"5'5""",165,130,59,"5'8""",173,,,"May 11, 1998","Murfeesboro, Tennessee",,71,71,84,65,68,86,60,60,75,89,82,41,68,80,85,80,46,88,25,25,37,32,38,74,50,82,82,82,89,82,73,53,30,72,43,49,60,70,50,34,26,42,50,78,2295,,,,,,,silver,,,,,,,,,,,,,,,,,,,,,,,,,,,,,,,,,
36,Damiris Dantas,,,Indiana Fever,12,PF,C,Versatile Defender,"6'3""",191,214,96,"6'7""",201,,,,,,73,71,78,80,74,73,70,50,75,69,80,68,64,90,75,80,60,74,25,25,65,71,76,54,86,61,61,59,60,59,64,61,82,71,32,32,77,61,75,58,47,68,35,79,2389,,,,silver,,,,,,,,,,,,,,,,,,,,,,,,,,,,,bronze,,,,,silver,,
37,Dana Evans,,,Chicago Sky,11,SG,PG,Perimeter Shot Creator,"5'6""",168,145,65,"5'9""",175,,,"August 1, 1998","Gary, Indiana",,77,84,82,75,80,97,95,75,72,84,78,33,65,92,75,80,48,79,25,25,30,42,40,55,85,79,80,79,84,79,72,56,33,62,63,40,68,67,60,34,29,38,98,81,2425,,,silver,,,,,,,,,,,,,,,,,,,,,,,,,,,,,,,,,,,,,
38,Dearica Hamby,,,Los Angeles Sparks,5,PF,C,3-Level Scoring Board Hunter,"6'3""",191,189,85,"6'7""",201,,,"November 6, 1993","Marietta, Georgia",,89,86,92,80,88,61,98,95,79,82,75,62,72,90,92,80,70,84,25,25,79,78,74,94,98,76,75,78,81,78,70,70,75,77,66,49,68,78,80,81,73,89,98,89,2848,silver,,silver,gold,bronze,,silver,silver,gold,,gold,gold,,silver,,,,,bronze,,,,,,,,,,,,,,silver,,,gold,bronze,bronze,,
39,DeWanna Bonner,,,Connecticut Sun,24,SF,PF,2-Way Slashing Shot Creator,"6'4""",193,143,64,"6'8""",203,,,"August 21, 1987","Fairfield, Alabama",,88,82,89,74,76,82,85,85,82,77,86,75,70,95,93,80,70,91,25,25,74,79,75,92,95,67,68,75,74,75,44,80,89,87,63,57,87,87,90,55,36,74,80,88,2797,gold,silver,,gold,silver,,gold,,,,gold,bronze,,,,,,,,,,,,,,silver,bronze,,gold,silver,silver,bronze,silver,bronze,silver,,,,gold,
40,Diamond DeShields,,,Chicago Sky,0,SG,SF,Switchable Lockdown Defender,"6'1""",185,172,77,"6'5""",196,,,"March 5, 1995","West Palm Beach, Florida",,73,61,70,43,50,84,70,50,85,95,86,55,83,96,97,80,40,83,25,25,25,40,25,50,50,73,74,72,87,72,61,82,86,86,73,56,92,88,90,41,35,47,25,79,2405,,,,,,,bronze,,bronze,,bronze,,,,,,,,,,,silver,,,,,,,bronze,,silver,bronze,,,,,,,,bronze
41,Diamond Miller,,,Minnesota Lynx,1,SF,,Wing Stopper,"6'3""",191,168,76,"6'7""",201,,,"February 11, 2001","Montclair, New Jersey",,72,70,81,78,67,83,40,70,80,74,84,65,70,95,95,80,52,80,25,25,35,62,44,83,60,70,70,74,71,74,62,69,64,79,62,53,75,77,75,56,50,61,25,78,2446,,,,,,,,,silver,,,,,,,,,,,,,,,silver,,bronze,,,,silver,,,,,,,,,,
42,Diana Taurasi,,,Phoenix Mercury,3,SG,SF,3-Level Scoring Combo Guard,"6'0""",183,163,73,"6'4""",193,,,"June 11, 1982","Glendale, California",,89,90,91,93,93,88,90,85,77,71,70,77,68,90,80,80,57,80,25,25,54,62,40,89,81,83,85,90,71,90,79,60,54,79,38,51,75,58,65,44,33,54,80,89,2623,gold,gold,silver,bronze,hof,,gold,,gold,,gold,,,,,,,gold,gold,gold,bronze,silver,gold,gold,bronze,,,,,,,,,,,,,,gold,
43,Dijonai Carrington,,,Connecticut Sun,21,SG,SF,2-Way 3-Level Shot Creator,"5'11""",180,175,79,"6'3""",191,,,"January 8, 1998","San Diego, California",,86,83,80,80,76,78,98,85,81,77,96,69,65,84,95,80,64,82,25,25,58,54,78,93,98,70,70,75,74,75,58,78,64,94,70,52,91,80,98,57,54,60,70,86,2747,,,,gold,silver,,,,silver,,,,,,,,bronze,,,,silver,,gold,,,silver,silver,,hof,bronze,hof,gold,,gold,,,bronze,bronze,silver,
44,Dorka Juhász,,,Minnesota Lynx,14,PF,C,Versatile Defender,"6'5""",196,191,86,"6'9""",206,,,,"	Pecs, Hungary",,77,74,79,65,73,58,98,70,70,44,38,75,68,90,95,80,58,68,25,25,62,60,79,60,85,54,55,60,42,60,52,69,73,68,40,62,78,75,85,63,58,68,98,79,2450,,,,,,,,,,,,,silver,bronze,,,,,,,,,,,,,,,,,,,bronze,,,,,,,
45,Elizabeth Williams,,,Chicago Sky,1,C,PF,2-Way Interior Threat,"6'3""",191,200,90,"6'7""",201,,,"June 23, 1993","Virginia Beach, Virginia",,83,68,91,50,30,62,98,75,77,60,54,93,69,90,90,80,65,80,25,25,80,81,75,54,98,47,38,51,49,51,45,76,83,64,73,86,85,65,75,71,77,65,98,84,2549,,,,,,,,bronze,,silver,,silver,bronze,,,,,,gold,,,,,,,,,silver,gold,,,,gold,,bronze,,,gold,,
46,Emily Engstler,,,Washington Mystics,21,SF,,3 & D Threat,"6'1""",185,180,81,"6'5""",196,,,"May 1, 2000",,,73,67,52,68,79,84,80,40,73,70,67,67,68,79,82,80,51,72,25,25,54,58,52,44,75,63,70,60,66,60,58,62,65,65,66,61,67,62,50,75,72,77,80,79,2379,,,,,,,,,,,,,,,,,,,,,,,,,,,,,,,,,,,,,,,,
47,Erica Wheeler,,,Indiana Fever,17,PG,SG,Playmaking Mid-Range Threat,"5'7""",170,143,64,"5'10""",178,,,"May 2, 1991","Miami, Florida",,73,74,84,79,68,86,50,75,80,85,79,55,70,95,96,80,48,79,25,25,30,45,48,49,84,83,87,86,85,86,72,61,47,74,53,35,72,74,70,39,33,45,25,80,2411,bronze,,,,,,,,,,,,,,,,,,,,silver,bronze,gold,gold,bronze,silver,,,,,,,,,,,,,,
48,Ezi Magbegor,,,Seattle Storm,13,C,,2-Way Inside-The-Arc Threat,"6'4""",193,181,81,"6'8""",203,,,"August 13, 1999","Wellington, New Zealand",,89,87,88,84,69,89,98,95,75,64,54,76,69,92,89,80,71,87,25,25,85,77,87,87,98,56,52,67,47,67,47,82,93,64,63,93,89,81,90,76,73,79,98,89,2810,,,,,,,,silver,silver,gold,,,silver,gold,,,,,,,,,,,,silver,,hof,bronze,,,bronze,gold,,gold,gold,silver,silver,,silver
49,Gabby Williams,,,Seattle Storm,5,SF,SG,Steady Point Forward,"5'11""",180,172,77,"6'3""",191,,,"September 9, 1996",,,75,70,82,67,59,74,75,60,77,71,73,69,65,84,95,80,56,75,25,25,58,54,69,47,95,75,78,84,54,84,75,69,64,75,80,52,75,70,70,57,51,63,70,83,2530,,,,,,,,,,,,,,,,,,,,,,,,,,,,,,bronze,,,,,,,,,,
50,Grace Berger,,,Indiana Fever,34,PG,SG,3PT Shot Creator,"6'0""",183,160,72,"6'4""",193,,,"June 3, 1999","Louisville, Kentucky",,73,69,67,70,83,79,80,35,69,81,76,37,72,49,90,80,41,55,25,25,32,37,32,44,75,79,81,80,80,80,74,57,42,69,54,44,67,62,60,39,30,48,98,85,2278,,,,,,,,,,,,,,,,,bronze,,,silver,,,,silver,,,,,,,,,,,,,,,,
51,Haley Jones,,,Atlanta Dream,13,SG,PG,Steady Combo Guard,"6'1""",185,187,84,"6'5""",196,,,"May 23, 2001","Santa Cruz, California",,70,63,77,59,57,67,60,60,79,84,82,52,68,95,90,80,57,71,25,25,50,60,72,68,85,77,70,81,84,81,68,64,60,77,36,51,79,68,75,67,68,65,30,75,2455,,,,,,,,,,,,,,,,,,,,,,,,,,,,,,,,,,,,,,,bronze,
52,Iliana Rupert,,,Atlanta Dream,2,C,PF,Stretch Five,"6'4""",193,189,85,"6'8""",203,,,"July 12, 2001",,,70,71,72,60,80,70,88,55,81,78,78,75,77,88,90,80,43,58,25,25,38,42,39,36,81,58,65,58,69,58,39,53,42,40,46,35,72,70,65,55,53,57,75,77,2256,,,,,,,,,,,,,,,,,,,,,,,,,,,,,,,,,,,,,,,,
53,Isabelle Harrison,,,Chicago Sky,20,PF,C,Paint Protector,"6'3""",191,183,82,"6'7""",201,,,"September 27, 1993","Nashville, Tennessee",,77,68,77,65,29,83,90,65,79,68,76,79,68,94,85,80,59,70,25,25,68,60,69,69,83,54,59,56,56,56,44,67,84,52,63,49,80,59,80,62,55,69,70,77,2437,,,,gold,,,,,,,,,bronze,,,,,,,,,,,,,,,,silver,,,,silver,,silver,,,gold,,
54,Ivana Dojkic,,,New York Liberty,18,PG,,3PT Shot Creator,"5'11""",180,154,69,"6'3""",191,,,"December 24, 1997","Rijeka, Croatia",,72,74,76,63,85,73,80,65,74,83,62,58,66,80,89,80,47,79,25,25,37,35,41,60,75,72,70,71,82,71,65,56,34,67,43,35,68,70,75,45,41,48,90,74,2341,,,,,,,,,,,,,,,,,,,,,,,,,,,,,,,,,,,,,,,,
55,Jackie Young,,,Las Vegas Aces,0,SG,SF,2-Way 3-Level Combo Guard,"6'0""",183,165,74,"6'4""",193,,,"September 16, 1997","Princeton, Indiana",,91,93,93,89,92,86,98,98,82,87,86,55,76,95,98,80,58,92,25,25,38,60,40,91,95,82,83,83,87,83,75,69,52,87,43,40,86,84,90,44,37,51,80,91,2751,gold,silver,gold,hof,silver,,hof,,gold,,,,,,,,silver,,,gold,silver,gold,,,,silver,bronze,,gold,,gold,,,silver,,,,,,
56,Jacy Sheldon,,,Dallas Wings,4,SG,SF,Catch & Shoot Ace,"5'10""",178,140,63,"6'2""",188,,,"August 23, 2000",,,72,79,83,79,85,86,60,80,76,84,83,50,61,90,86,80,45,79,25,25,25,30,25,60,88,65,59,65,83,65,55,65,45,80,37,47,78,81,85,41,41,41,25,89,2340,,,,,,,bronze,,,,,,,,,,,,,,,,,,,bronze,,,,bronze,bronze,,,silver,,,,,,silver
57,Jade Melbourne,,,Washington Mystics,5,PG,,Steady Playmaker,"5'11""",180,145,65,"6'3""",191,,,"August 18, 2002","Melbourne, Australia",,73,75,87,70,79,74,90,50,69,80,71,41,68,80,65,80,44,68,25,25,37,32,38,74,50,74,72,74,80,74,68,55,34,64,63,51,60,62,50,42,37,47,98,78,2296,,,,,silver,,,,,,,,,,,,,,,,,,,,,,,,,,,,,,,,,,,
58,Jaelyn Brown,,,Dallas Wings,18,SF,,Versatile Stopper,"6'1""",185,170,77,"6'5""",196,,,"October 12, 1998","Murrieta, California",,70,67,60,80,72,80,64,45,73,77,47,75,68,79,82,80,53,58,25,25,55,71,69,53,64,50,31,62,55,62,38,74,75,78,81,57,73,84,70,42,36,48,50,79,2308,,,,,,,,,,,,,,,,,,,,,,,,,,,,,,bronze,,,,,,,,,,
59,Jaylyn Sherrod,,,New York Liberty,0,PG,,Perimeter Threat,"5'7""",170,149,67,"5'10""",178,,,"October 21, 2001","Birmingham, Alabama",,71,70,75,75,81,80,70,40,73,77,76,40,68,84,85,80,44,76,25,25,25,40,25,51,86,77,80,80,77,80,68,56,42,64,68,44,68,68,40,40,37,42,70,76,2288,,,bronze,,,,,,,,,,,,,,,,,,,,,,,,,,,,,,,,,,,,,
60,Jessica Shepard,,,Minnesota Lynx,23,PF,C,Rim Attacker,"6'4""",193,186,84,"6'8""",203,,,"September 11, 1996","Fremont, Nebraska",,79,75,92,53,65,78,89,70,72,52,60,85,67,83,80,80,62,82,25,25,68,64,70,75,85,71,75,80,48,80,72,57,75,54,38,51,72,47,65,71,69,72,98,79,2523,,,,,,,,,,,,,bronze,,,,,,gold,,,,,,,,,,,,,,,,bronze,gold,silver,,,bronze
61,Jewell Loyd,,,Seattle Storm,24,SG,PG,2-Way 3-Level Combo Guard,"5'11""",180,165,74,"6'3""",191,,,"October 5, 1993","Lincolnwood, Illinois",,86,86,78,80,75,87,98,98,82,86,86,62,68,98,95,80,61,82,25,25,64,55,42,97,95,83,79,93,80,92,69,68,52,79,63,37,84,78,80,44,36,51,70,86,2705,,silver,,silver,gold,,gold,,gold,,gold,,,,,,silver,,,,bronze,,,,silver,,,,,,,,,,,,,,gold,
62,Jonquel Jones,,,New York Liberty,35,PF,C,2-Way Inside-Out Scorer,"6'6""",198,215,97,"6'10""",208,,,"January 5, 1994","Freeport, Bahamas",,93,90,98,80,87,79,98,95,82,81,80,75,75,96,90,80,73,90,25,25,88,80,93,85,98,70,65,70,76,70,68,76,93,74,40,79,82,70,95,80,75,85,98,93,2931,gold,,,silver,bronze,,gold,silver,silver,silver,,,gold,gold,,,,,,,,,,,,bronze,,silver,silver,,,,silver,,gold,gold,silver,hof,gold,bronze
63,Jordan Horston,,,Seattle Storm,23,SF,PF,Versatile Stopper,"6'2""",188,165,74,"6'6""",198,,,"May 21, 2001","Columbus, Ohio",,81,69,91,71,62,70,50,70,82,82,89,55,77,95,95,80,50,70,25,25,40,48,49,65,81,66,61,74,81,68,44,83,69,89,96,62,80,88,95,58,56,60,98,84,2595,,,,,,,,,,,,,,,,,,,,bronze,,,,,,,silver,,gold,gold,,,,gold,,,,,,
64,Jordin Canada,,,Atlanta Dream,3,PG,,2-Way Playmaking 3PT Threat,"5'6""",168,135,61,"5'9""",175,,,"August 11, 1995","Los Angeles, California",,83,64,86,59,78,74,50,35,78,90,88,37,72,87,90,80,46,78,25,25,32,37,32,44,95,88,89,88,92,88,85,73,42,84,93,35,87,88,85,43,36,50,80,85,2501,,,silver,,,,,,gold,,,,,,,,gold,silver,,gold,silver,gold,,,silver,gold,gold,,silver,gold,gold,gold,,gold,,,,,,
65,Joyner Holmes,,,Seattle Storm,8,PF,C,Paint Protector,"6'3""",191,210,95,"6'7""",201,,,"February 22, 1998","Cedar Hill, Texas",,75,70,79,55,65,63,98,60,73,55,63,79,64,85,85,80,62,75,25,25,74,62,77,60,98,48,60,40,47,40,54,61,70,60,59,55,70,65,50,57,43,70,98,79,2387,,,,,,,,,,,,,,,,,,,,,,,,,,,,,,,,,,,,,,,,
66,Julie Allemand,,,Los Angeles Sparks,20,PG,,Playmaking Perimeter Threat,"5'8""",173,147,66,"5'11""",180,,,,"Liege, Belgium",,75,83,67,84,82,87,94,85,74,82,70,54,72,85,76,80,52,79,25,25,40,50,37,65,95,82,82,85,82,85,74,57,54,69,53,40,65,60,55,41,38,43,40,76,2435,,,,,,,,,,,,,,,,,,,,,,,,,,,,,,,,,,,,,,,,
67,Julie Vanloo,,,Washington Mystics,35,SG,SF,Catch & Shoot Threat,"5'8""",173,146,66,"5'11""",180,,,"February 10, 1993",Belgium,,71,77,62,68,80,87,88,75,70,84,69,33,65,92,64,80,44,73,25,25,30,42,40,44,70,75,73,68,84,68,83,44,33,57,40,27,52,58,40,35,27,43,70,81,2200,,,bronze,,,,,,,,,,,,,,,bronze,,bronze,,,,,,,,,,,,,,,,,,,,
68,Kahleah Copper,,,Phoenix Mercury,2,SF,PF,2-Way Inside-Out Shot Creator,"6'1""",185,165,74,"6'5""",196,,,"August 28, 1994","Philadelphia, Pennsylvania",,89,88,86,79,85,82,98,95,80,80,86,64,70,85,95,80,64,94,25,25,59,59,59,96,98,76,79,82,79,82,57,69,73,85,40,32,85,84,85,45,36,54,60,89,2702,gold,silver,,silver,gold,,hof,,hof,,gold,,,,,,bronze,,,,,silver,hof,,,,,,silver,,,silver,,bronze,,,,,hof,
69,Kalani Brown,,,Dallas Wings,21,C,,Versatile Defender,"6'7""",201,245,110,"6'11""",211,,,,,,79,78,90,80,70,62,95,70,77,70,65,84,65,85,90,80,64,81,25,25,75,71,84,69,85,57,58,62,54,62,50,65,71,77,33,74,81,52,70,70,78,61,70,79,2553,,,,,,,,,,,,,silver,,,,,,,,,,,,,,,,bronze,,,,,,,,,gold,,
70,Kamilla Cardoso,,,Chicago Sky,10,C,,2-Way Inside-The-Arc Threat,"6'7""",201,215,97,"6'11""",211,,,"April 30, 2001",,,82,71,88,77,40,62,79,80,76,56,63,87,68,90,85,80,60,76,25,25,74,57,87,69,65,42,40,48,41,48,35,69,84,62,36,80,80,59,85,84,86,81,98,95,2491,,,,,,,,,,,silver,,gold,,,,,,,,,,,,,,,silver,bronze,,,,silver,,silver,gold,silver,silver,,
71,Karlie Samuelson,,,Washington Mystics,44,SG,PG,Catch & Shoot Ace,"6'0""",183,160,72,"6'4""",193,,,,"Huntington Beach, California",,76,80,61,75,84,94,98,70,70,75,62,50,64,80,80,80,52,68,25,25,42,44,41,84,90,63,62,65,74,65,49,52,41,68,43,25,64,59,65,42,39,45,98,79,2333,,bronze,,,bronze,,,,,,,,,,,,bronze,,,,,,,,,,,,,,,,,,,,,,,
72,Kate Martin,,,Las Vegas Aces,20,SG,PG,Catch & Shoot Ace,"6'0""",183,172,77,"6'4""",193,,,"June 5, 2000",,,72,82,77,79,86,86,93,70,72,71,58,54,61,90,88,80,41,74,25,25,32,43,28,40,60,56,55,58,68,58,43,53,55,58,36,57,56,48,60,45,35,54,80,80,2221,bronze,,,,,,,,,,,,,,,,,,,,,,,,,,,,,,,,,,,,,,,
73,Katie Lou Samuelson,,,Indiana Fever,33,SF,PF,Versatile Defender,"6'3""",191,163,73,"6'7""",201,,,"June 13, 1997","Fullerton, California",,73,71,54,75,79,80,60,75,73,72,74,66,64,80,75,80,54,60,25,25,66,66,66,42,79,66,70,74,70,74,41,64,69,74,36,51,70,74,75,44,38,50,25,79,2333,,,,gold,,,,,,,,,,,,,,,,,,,,,,,,,,,,,,,,,,,silver,
74,Kayla McBride,,,Minnesota Lynx,21,SG,SF,2-Way 3-Level Shot Creator,"5'11""",180,187,84,"6'3""",191,,,"June 25, 1992","	Erie, Pennsylvania",,87,88,86,78,97,90,98,80,80,82,86,47,65,97,90,90,57,85,25,25,50,54,29,92,98,81,75,92,80,90,66,68,31,82,73,30,83,84,90,36,30,41,60,87,2638,hof,silver,silver,hof,bronze,,silver,,,,,,,,,,,,,,bronze,silver,silver,,gold,,,,,,,,,,,,,,silver,
75,Kayla Thornton,,,New York Liberty,5,SF,PF,3 & D Wing,"6'1""",185,190,86,"6'5""",196,,,"October 20, 1992","El Paso, Texas",,79,71,87,57,85,77,60,60,76,75,83,74,65,88,70,80,54,76,25,25,54,60,64,44,80,60,68,66,68,66,31,75,76,84,63,51,85,84,85,49,52,46,98,79,2491,gold,,,silver,,,,,,,,,,,,,,,,,,,,,,,,,,,silver,,,,,,,,,
76,Kelsey Mitchell,,,Indiana Fever,0,SG,PG,Shot-Creating 3-Level Threat,"5'8""",173,160,72,"5'11""",180,,,"November 12, 1995","Cincinnati, Ohio",,86,86,87,82,92,82,80,90,83,88,79,65,77,95,95,80,64,82,25,25,64,72,64,80,98,77,68,87,84,87,58,56,40,61,41,37,71,74,70,39,40,37,98,86,2641,silver,bronze,hof,,bronze,,gold,,,,silver,,,,,,gold,gold,,,gold,hof,gold,gold,bronze,,,,,,,,,,,,,,,bronze
77,Kelsey Plum,,,Las Vegas Aces,10,PG,SG,Playmaking Inside-Out Scorer,"5'8""",173,145,65,"5'11""",180,,,"August 24, 1994","Poway, California",,88,90,94,75,91,85,98,95,75,86,74,34,68,95,89,80,52,91,25,25,31,30,32,82,98,85,88,88,86,88,77,57,35,73,40,27,75,68,80,34,29,39,90,93,2554,gold,silver,gold,silver,gold,,gold,,,,,,,,,,silver,silver,,silver,silver,gold,silver,gold,silver,,bronze,,,,,silver,,,,,,,gold,
78,Kennedy Burke,,,New York Liberty,2,SG,SF,Ball Hawk,"6'1""",185,182,82,"6'5""",196,,,,,,74,79,79,72,70,71,98,85,68,68,64,57,62,75,70,80,54,76,25,25,44,42,50,69,98,63,74,71,60,71,40,63,60,65,71,58,57,68,65,45,42,47,80,92,2401,,,,,,,,,,,,,,,,,,,,,,,,,,,,,,,,,,,,,,,,
79,Kia Nurse,,,Los Angeles Sparks,10,SG,SF,3 & D Threat,"6'0""",183,181,81,"6'4""",193,,,"February 22, 1996","Hamilton, Canada",,73,77,79,77,77,81,75,70,82,86,85,59,70,98,95,80,55,70,25,25,52,58,44,68,95,66,68,69,83,69,42,57,45,75,40,27,80,54,80,37,32,41,60,80,2414,,,,,,,,,,,,,,,,,,,,,,,,,,,,,,,,,,,,,,,,
80,Kiah Stokes,,,Las Vegas Aces,41,C,PF,Versatile Defender,"6'3""",191,191,86,"6'7""",201,,,"March 30, 1993","Marion, Iowa",,72,59,83,55,50,57,61,45,72,55,55,79,78,75,80,80,46,54,25,25,51,49,59,30,72,35,25,40,40,40,31,72,86,70,42,82,82,62,80,65,47,82,50,78,2155,,,,,,,,,,,,,,,,,,,,,,,,,,,,bronze,bronze,,,,bronze,,silver,bronze,bronze,silver,,
81,Kierstan Bell,,,Las Vegas Aces,1,SF,SG,Perimeter Defender,"6'1""",185,176,79,"6'5""",196,,,"March 16, 2000","Canton, Ohio",,69,70,76,85,67,83,60,50,74,72,70,66,65,83,80,80,53,74,25,25,57,59,60,44,80,61,68,66,68,66,35,59,66,67,50,60,65,47,55,49,43,54,25,77,2273,,,,,,,,,,,,,,,,,,,gold,,,,,,,,,,,,,,,,,,,,,
82,Kristy Wallace,,,Indiana Fever,3,SG,SF,Perimeter Shot Creator,"5'11""",180,157,71,"6'3""",191,,,"January 3, 1996","Loganholme, Australia",,73,76,76,79,75,73,90,60,75,76,74,54,72,82,84,80,42,70,25,25,37,38,38,34,65,71,66,75,75,75,62,59,57,69,51,52,62,60,60,42,38,45,98,76,2328,,,,,,,,,,,,,,,,,,,,,,,,,,,,,,,,,,,,,,,,
83,Laeticia Amihere,,,Atlanta Dream,7,PF,C,Promising Prospect,"6'3""",191,185,83,"6'7""",201,,,"July 10, 2001","Mississauga, Canada",,72,59,73,50,31,59,78,60,69,60,49,68,54,85,88,80,60,67,25,25,78,61,75,62,85,45,37,50,55,50,34,64,65,59,49,65,71,70,70,64,55,72,85,80,2280,,,,,,,,,,,,,,,,,,,,,,,,,,,,,,,,,,,,,,,,
84,Layshia Clarendon,,,Los Angeles Sparks,25,PG,SG,3-Level Scoring Threat,"5'9""",175,158,71,"6'0""",183,,,"May 2, 1991","San Bernardino, California",,78,85,89,75,82,89,90,85,70,77,73,60,62,60,80,80,53,84,25,25,35,40,41,75,95,74,68,75,75,75,76,62,51,75,62,32,77,68,70,43,36,50,70,78,2460,,,silver,,bronze,,bronze,,,,,,,,,,,,,,,silver,gold,gold,,,,,,,,,,,,,,,,
85,Leonie Fiebich,,,New York Liberty,13,SF,,Catch & Shoot Threat,"6'4""",193,180,81,"6'8""",203,,,"January 10, 2000",Germany,,76,74,53,69,80,73,98,70,68,69,62,65,57,80,60,80,55,68,25,25,57,51,60,60,90,67,75,71,62,71,54,57,66,59,50,40,65,62,60,55,60,49,98,78,2372,,,,,,,,,,,,,,,,,,,,,,,,,,,,,,,,,,,,,,,,
86,Lexie Brown,,,Los Angeles Sparks,4,SG,SF,Defensive Menace,"5'9""",175,162,73,"6'0""",183,,,"October 27, 1994","Boston, Massachusetts",,73,75,84,60,81,85,60,80,75,79,85,45,65,85,85,80,47,79,25,25,32,43,28,65,80,73,67,75,74,75,73,58,35,82,47,37,65,61,80,37,26,48,60,81,2337,,bronze,,,silver,,,,,,,,,,,,,,,,,,,,,bronze,,,,,,,,,,,,,silver,
87,Lexie Hull,,,Indiana Fever,10,SF,SG,Versatile Defender,"6'1""",185,155,70,"6'5""",196,,,"September 13, 1999","Spokane, Washington",,73,74,77,75,81,75,70,65,72,54,68,77,62,80,83,80,53,66,25,25,57,59,68,40,80,42,35,54,37,54,32,70,79,75,43,49,80,81,80,43,44,42,70,79,2301,,,,,,,,,,,,,,,,,,,,,,,,,,bronze,,,bronze,,,,bronze,,,,,,,bronze
88,Li Yueru,,,Los Angeles Sparks,28,C,PF,2-Way Stretch Five,"6'7""",201,175,79,"6'11""",211,,,"March 1, 1999","Changzhi, China",,75,75,75,80,79,88,70,55,72,54,68,77,62,80,83,80,51,66,25,25,57,59,68,40,68,43,35,54,37,54,33,68,84,66,42,52,80,74,75,72,73,70,80,79,2347,,,,,,,,,,,,,,,,,,,,,,,,,,bronze,,,bronze,,,,bronze,,,,,,,bronze
89,Lindsay Allen,,,Chicago Sky,15,PG,SG,Steady Playmaker,"5'8""",173,145,65,"5'11""",180,,,"March 20, 1995","Mitchellville, Maryland",,77,79,80,79,65,75,98,75,76,79,74,60,72,89,76,80,54,79,25,25,44,57,46,79,73,78,77,80,79,80,74,61,59,75,50,35,72,79,60,36,33,39,98,88,2508,,,,,,,,,,,,,,,,,,,,,,,,,,,,,,,,,,,,,,,,
90,Lorela Cubaj,,,Atlanta Dream,19,PF,C,Board-Hunting Stretch Four,"6'4""",193,200,90,"6'8""",203,,,"January 8, 1999","Perugia, Italy",,73,69,74,71,78,78,65,50,71,70,68,54,68,80,80,80,57,74,25,25,66,62,67,44,90,51,32,60,67,60,34,65,69,64,54,70,69,67,65,71,71,70,80,77,2378,,,,,,,,,,,,,,,,,,,,,,,,,,,,,,,,,,,,,,,,
91,Lou Lopez Sénéchal,,,Dallas Wings,8,SF,SG,3 & D Threat,"6'1""",185,155,70,"6'5""",196,,,"May 12, 1998","Grenoble, France",,71,71,61,72,80,85,50,80,72,79,70,40,55,90,90,80,45,69,25,25,40,40,37,65,60,70,70,72,75,72,60,56,54,70,45,35,65,60,65,41,38,43,40,80,2237,,bronze,,,bronze,,,,,,,,,,,,,,,,,,,,,,,,,,,,,,,,,,silver,
92,Maddy Siegrist,,,Dallas Wings,20,PF,SF,3-Level Scoring Threat,"6'2""",188,175,79,"6'6""",198,,,"May 22, 2000","Poughkeepsie, New York",,80,86,87,81,75,91,95,85,69,57,51,53,60,90,95,80,64,85,25,25,68,80,77,82,70,49,45,49,59,49,41,58,63,55,35,53,62,64,75,51,62,39,98,80,2441,bronze,,,,,,bronze,,bronze,,,bronze,,silver,,,,,,,,,,,,,,,,,,,silver,,,,,,,
93,Marina Mabrey,,,Connecticut Sun,4,SG,PG,3-Level Scoring Combo Guard,"5'11""",180,170,77,"6'3""",191,,,"September 14, 1996","Belmar, New Jersey",,80,84,80,74,87,73,98,90,74,72,73,60,62,80,88,80,53,88,25,25,43,47,44,75,80,79,84,84,70,84,72,57,44,68,46,45,52,69,75,46,36,56,90,80,2499,,gold,,,silver,,silver,,,,,,,,,,,,,,,,silver,silver,,,,,,,,,,,,,,,,
94,Marquesha Davis,,,New York Liberty,1,SF,,Mid-Range Shot Creator,"6'0""",183,170,77,"6'4""",193,,,"May 29, 2001",,,71,71,77,75,61,69,70,75,73,74,72,60,73,90,65,80,46,70,25,25,25,40,32,69,85,63,69,74,69,74,30,60,45,65,73,62,66,65,45,56,55,57,50,82,2293,,,,,,,,,,,,,,,,,,,,,,,,,,,,,,,,,,,,,,,,
95,Maya Caldwell,,,Atlanta Dream,33,SG,,Mid-Range Specialist,"5'11""",180,160,72,"6'3""",191,,,"December 15, 1998","Charlotte, North Carolina",,72,79,70,97,67,83,85,70,68,71,67,41,57,90,70,80,50,65,25,25,40,51,68,40,86,63,69,62,67,62,55,53,44,60,51,52,69,54,40,46,52,40,85,79,2289,,,,,,,,,,,,,,,,,,,,,,,,,,,,,,,,,,,,,,,bronze,
96,Megan Gustafson,,,Las Vegas Aces,17,PF,C,Stretch Four,"6'4""",193,195,88,"6'8""",203,,,"December 13, 1996","Port Wing, Wisconsin",,76,83,86,88,80,80,90,75,65,60,46,67,58,74,70,80,61,70,25,25,75,68,75,67,80,39,35,42,42,42,35,48,69,44,46,32,62,38,45,61,60,62,80,92,2265,,,,,,,,,,,,,,,,,,,,,,,,,,,,,,,,,,,,,,,,
97,Mercedes Russell,,,Seattle Storm,21,C,PF,Mid-Range Scoring Threat,"6'6""",198,195,88,"6'10""",208,,,"July 27, 1995","Springfield, Oregon",,73,63,89,75,27,63,75,50,73,69,50,80,60,85,85,80,56,68,25,25,65,50,66,65,80,43,40,42,58,42,34,64,77,62,43,51,80,68,70,55,46,63,90,79,2277,,,,,,,,,,,,,,,,,,,,,,,,,,,,,,,,,,,,,,,,
98,Michaela Onyenwere,,,Chicago Sky,12,PF,SF,Stretch Four,"6'0""",183,178,80,"6'4""",193,,,"August 10, 1999","Aurora, Colorado",,72,67,77,69,79,72,60,45,71,69,61,68,60,81,80,80,58,72,25,25,64,64,60,74,80,55,55,60,68,60,34,63,74,62,56,62,69,70,45,48,45,50,95,86,2356,,,,,,,,,,,,,,,,,,,,,,,,,,,,,,,,,,,,,,,,
99,Mikiah Herbert Harrigan,,,Phoenix Mercury,21,SF,,Versatile Defender,"6'2""",188,152,68,"6'6""",198,,,,,,73,69,72,74,79,80,64,45,75,74,70,75,68,79,80,80,46,58,25,25,45,52,50,44,70,54,51,61,68,61,30,70,71,73,65,61,77,70,75,49,50,47,85,79,2333,,,,,,,,,,,,,,,,,,,,,,,,,,,,,,,,,,,,,,,,
100,Monique Billings,,,Phoenix Mercury,25,PF,SF,Paint Protector,"6'4""",193,192,86,"6'8""",203,,,"May 2, 1996","Riverside, California",,77,71,85,65,34,78,90,75,75,74,70,59,75,80,89,80,61,78,25,25,69,69,69,78,78,49,54,44,60,44,42,61,75,55,41,57,75,62,60,71,71,71,98,77,2431,,,,,,,,,,,,,,,,,,,,,,,,,,,,,,,,,,,,,,,,
101,Moriah Jefferson,,,Chicago Sky,4,PG,,Perimeter Threat,"5'6""",168,130,59,"5'9""",175,,,"March 8, 1994","Dallas, Texas",,73,75,80,77,75,78,94,45,74,84,70,60,63,89,75,80,56,77,25,25,50,73,72,50,75,76,71,75,84,75,76,63,51,75,76,42,67,68,60,38,33,42,75,77,2464,,,silver,,,,,,,,,,,,,,,,,,,silver,,,,,,,,,,,,,,,,,,
102,Myisha Hines-Allen,,,Minnesota Lynx,22,PF,SF,Versatile Defender,"6'1""",185,200,90,"6'5""",196,,,"May 30, 1996","Montclair, New Jersey",,78,72,78,64,79,80,70,60,78,81,69,90,64,80,80,80,64,70,25,25,78,77,70,70,98,57,52,42,75,42,75,62,75,69,49,35,77,72,60,68,55,81,98,78,2523,,,,,,,,,,,,,,,,,,,,,,,,,,,,,,,,,,,,silver,bronze,bronze,,
103,NaLyssa Smith,,,Indiana Fever,1,PF,C,Versatile Defender,"6'4""",193,185,83,"6'8""",203,,,"August 8, 2000","San Antonio, Texas",,85,78,96,62,74,59,95,82,77,76,69,79,68,80,85,80,69,85,25,25,78,75,83,84,98,55,55,59,70,59,33,69,75,70,42,72,75,68,80,76,68,83,98,85,2650,,,,,,,bronze,bronze,silver,,bronze,bronze,,,,,,,,,,,,,,,gold,silver,,gold,gold,silver,,gold,bronze,gold,gold,,gold,silver
104,Napheesa Collier,,,Minnesota Lynx,24,SF,PF,All-Around Star,"6'1""",185,179,81,"6'5""",196,,,"September 23, 1996","Jefferson City, Missouri",,96,90,90,94,81,77,98,98,84,78,90,79,74,95,95,80,71,96,25,25,77,80,70,93,98,80,81,88,74,88,70,93,95,91,96,85,90,94,98,86,80,91,80,96,3090,silver,,gold,,,,silver,,gold,,silver,,,,,,,,silver,,,,silver,bronze,,hof,gold,silver,gold,gold,gold,hof,gold,hof,hof,gold,gold,gold,gold,silver
105,Natasha Cloud,,,Phoenix Mercury,0,PG,SG,2-Way Perimeter Playmaker,"5'10""",178,160,72,"6'2""",188,,,"February 22, 1992","Broomall, Pennsylvania",,83,80,89,80,77,81,70,80,76,84,94,32,70,80,92,80,52,77,25,25,44,56,25,81,80,84,84,83,83,83,86,81,74,93,76,58,90,84,95,43,33,52,40,83,2619,,,,,,,,,,,,,,,,,,silver,,gold,gold,,gold,gold,bronze,silver,silver,,hof,gold,gold,gold,,gold,,,,,,
106,Natasha Howard,,,Dallas Wings,6,PF,SF,Switchable Lockdown Defender,"6'2""",188,165,74,"6'6""",198,,,"September 2, 1991","Toledo, Ohio",,88,79,95,71,65,70,85,85,82,82,88,79,67,88,90,80,66,83,25,25,68,70,75,88,95,65,60,62,76,62,64,81,88,88,63,67,93,70,95,68,59,76,90,88,2775,,,,gold,,,gold,,,silver,gold,,,gold,,,,,,,,,,,,gold,silver,gold,gold,gold,gold,silver,gold,gold,gold,,,gold,,gold
107,Natasha Mack,,,Phoenix Mercury,4,PF,C,Versatile Defender,"6'3""",191,182,82,"6'7""",201,,,"November 3, 1997","Lufkin, Texas",,75,68,70,70,76,80,64,45,75,74,70,75,68,79,82,80,48,65,25,25,44,52,52,44,75,57,50,60,66,60,47,72,75,75,56,82,73,72,70,72,64,79,98,79,2421,,,,,,,,,,,,,,,,,,,,,,,,,,,,bronze,,,,,,,,,,,,
108,Natisha Hiedeman,,,Minnesota Lynx,2,PG,,2-Way Floor General,"5'8""",173,135,61,"5'11""",180,,,"February 10, 1997","Green Bay, Wisconsin",,74,73,80,57,69,72,98,60,70,83,71,41,68,80,65,80,45,75,25,25,37,32,38,79,50,80,81,83,78,83,76,52,30,81,52,45,60,62,35,43,41,44,98,78,2312,,,,,,,,,,,,,,,,,,,,,,,,,,,,,,,,,,,,,,,,
109,Naz Hillmon,,,Atlanta Dream,00,PF,C,Paint Protector,"6'2""",188,190,86,"6'6""",198,,,"April 5, 2000","Cleveland, Ohio",,74,65,75,70,31,80,71,65,71,60,60,80,54,85,75,80,60,73,25,25,67,67,67,80,72,49,37,50,59,50,50,64,72,60,43,55,75,70,70,67,68,65,98,76,2360,,,,,,,,,,,,,,,,,,,,,,,,,,,,,,,,,,,,,,,,
110,Nia Coffey,,,Atlanta Dream,12,SF,PF,Versatile Defender,"6'1""",185,182,82,"6'5""",196,,,"June 11, 1995","Minneapolis, Minnesota",,71,70,76,84,73,61,75,50,77,74,72,70,75,80,85,80,55,55,25,25,51,58,69,79,80,62,60,59,70,59,62,66,69,72,42,77,74,66,60,52,41,62,40,75,2385,,,,,,,,,,,,,,,,,,,silver,,,,,,,,,,,,,,,,,,,,,
111,Nika Mühl,,,Seattle Storm,1,PG,,Steady Playmaker,"5'11""",180,156,70,"6'3""",191,,,"April 9, 2001",,,71,68,71,68,81,65,80,40,78,82,77,57,67,90,91,80,45,72,25,25,28,34,44,44,87,75,71,74,81,74,76,68,55,76,67,38,79,78,85,41,34,48,40,80,2364,,,,,,,,,,,,,,,,,,,,,,,,,,,,,,,,,,,,,,,,
112,Nneka Ogwumike,,,Seattle Storm,3,SF,PF,2-Way Inside-Out Shot Creator,"6'2""",188,174,78,"6'6""",198,,,"July 2, 1990","Tomball, Texas",,94,92,97,85,86,86,98,98,83,73,86,86,69,88,98,80,75,90,25,25,92,92,92,91,94,75,78,83,65,83,68,87,91,84,96,56,94,90,96,70,60,79,98,94,3046,silver,silver,,gold,,,gold,gold,,gold,gold,gold,gold,gold,,,,,,,,,bronze,,,gold,,,gold,gold,gold,gold,gold,,hof,gold,gold,gold,,gold
113,Nyara Sabally,,,New York Liberty,8,PF,C,Promising Prospect,"6'5""",196,204,92,"6'9""",206,,,"February 26, 2000","Berlin, Germany",,74,70,78,66,50,77,98,50,73,60,67,68,69,80,88,80,55,75,25,25,53,62,64,55,84,57,60,62,57,62,45,58,64,63,56,55,65,55,45,64,60,68,98,75,2364,,,,,,,,,,,,,,,,,,,,,,,,,,,,,,,,,,,,,,,,
114,Odyssey Sims,,,Los Angeles Sparks,0,PG,SG,3-Level Scoring Playmaker,"5'8""",173,155,70,"5'11""",180,,,,,,79,78,82,79,80,69,80,75,74,87,76,36,67,95,80,80,49,80,25,25,25,50,33,70,80,84,84,84,87,84,82,69,65,73,76,50,68,82,70,42,43,40,98,79,2539,,,bronze,,,,,,,,,,,,,,,bronze,,silver,,,,,,,,,,bronze,,,,,,,,,,
115,Olivia Nelson-Ododa,,,Connecticut Sun,10,C,PF,Versatile Defender,"6'5""",196,173,78,"6'9""",206,,,"August 17, 2000","Lansing, Michigan",,76,68,77,68,70,57,80,55,75,54,68,83,62,85,95,80,54,66,25,25,57,59,68,40,90,41,35,54,37,54,27,76,86,66,49,78,86,84,85,67,75,59,50,79,2368,,,,,,,,,,,,,,,,,,,,,,,,,,bronze,,,bronze,,,,silver,,silver,,,bronze,,bronze
116,Queen Egbo,,,Las Vegas Aces,4,C,,Board-Hunting Paint Protector,"6'4""",193,190,86,"6'8""",203,,,"June 29, 2000","Houston, Texas",,77,63,86,55,35,63,65,75,72,74,68,54,68,80,80,80,60,79,25,25,72,72,75,44,90,51,32,60,67,60,34,68,72,64,50,79,69,67,75,83,76,90,85,77,2422,,,,,,,gold,,,,bronze,,,,,,,,,,,,,,,gold,gold,bronze,,gold,gold,bronze,,gold,,bronze,gold,,,
117,Rachel Banham,,,Chicago Sky,24,SG,PG,3PT Shot Creator,"5'10""",178,181,81,"6'2""",188,,,"July 15, 1993","Lakeville, Minnesota",,73,75,77,70,82,67,85,70,67,74,70,49,65,70,60,80,46,73,25,25,28,42,32,71,75,76,76,82,70,88,65,52,51,71,38,50,72,43,40,39,31,46,80,78,2271,,,bronze,,,,,,,,,,,,,,,,,,,,,,,,,,,,,,,,,,,,,
118,Rae Burrell,,,Los Angeles Sparks,12,SF,SG,3 & D Threat,"6'2""",188,168,76,"6'6""",198,,,"June 21, 2000",,,75,75,77,60,75,83,98,55,75,70,73,70,67,83,80,80,54,70,25,25,68,64,25,76,80,65,68,72,68,72,47,59,62,70,45,56,72,47,60,45,42,48,80,77,2390,,,,,,,,,,,,,,,,,,,,,,,,,,,,,,,,,,,,,,,,
119,Rebecca Allen,,,Phoenix Mercury,11,SG,SF,3 & D Two Guard,"6'2""",188,162,73,"6'6""",198,,,"November 6, 1992","Wangretta, Australia",,75,82,84,71,83,72,98,85,75,66,72,54,69,83,98,80,54,81,25,25,31,52,54,65,98,61,71,68,64,68,33,67,63,82,56,76,64,59,70,49,42,56,60,79,2457,,,,,,,,,,,,,,,,,,,,,,,,,,,,silver,,,,,,,,,,,,
120,Rhyne Howard,,,Atlanta Dream,10,SF,SG,2-Way 3-Level Shot Creator,"6'2""",188,175,79,"6'6""",198,,,"April 29, 2000","Chattanooga, Tennessee",,88,87,85,79,83,79,98,95,77,86,80,37,69,95,90,80,55,86,25,25,34,42,42,86,98,80,79,82,86,82,69,74,40,80,93,57,79,88,80,46,36,55,60,88,2648,bronze,silver,silver,gold,silver,,gold,,gold,,bronze,,,,,,silver,,,gold,bronze,silver,,,,,,,,silver,,,,,,,,,silver,
121,Rickea Jackson,,,Los Angeles Sparks,2,SF,,3-Level Scoring Threat,"6'2""",188,175,79,"6'6""",198,,,"March 16, 2001",,,81,84,91,74,83,77,95,85,80,84,76,72,65,90,90,80,61,89,25,25,57,59,62,80,89,54,35,55,79,55,45,61,68,70,37,45,70,61,75,56,54,58,98,89,2542,,,,,,,,,,,,,,,,,,,,,,,,,,bronze,,,bronze,,,,bronze,,,,,,,bronze
122,Sabrina Ionescu,,,New York Liberty,20,PG,SG,2-Way 3-Level Playmaker,"5'11""",180,165,74,"6'3""",191,,,"December 6, 1997","Walnut Creek, California",,93,93,93,83,96,90,98,98,84,93,86,69,72,90,98,80,52,86,25,25,30,35,32,89,95,89,90,88,91,88,87,64,42,83,46,40,80,79,80,47,36,57,60,93,2703,hof,hof,silver,gold,hof,,gold,,gold,,,,,,,,gold,silver,,gold,bronze,gold,,,silver,gold,gold,,bronze,gold,gold,gold,,gold,,,,,bronze,
123,Sami Whitcomb,,,Seattle Storm,32,SG,PG,3 & D Threat,"5'10""",178,154,69,"6'2""",188,,,"July 20, 1988","Ventura, California",,76,74,74,72,77,83,70,70,77,78,77,57,65,95,85,80,57,76,25,25,42,63,55,78,90,76,79,81,76,81,64,67,57,77,55,55,78,77,70,40,34,45,80,77,2523,,,,,,,,,,,,,,,,,bronze,,,,,,,,,,,,,,bronze,,,,,,,,gold,
124,Satou Sabally,,,Dallas Wings,0,PF,C,2-Way Inside-Out Scorer,"6'4""",193,175,79,"6'8""",203,,,"April 25, 1998","Berlin, Germany",,86,89,86,80,85,88,98,95,78,76,69,79,68,90,85,80,68,90,25,25,76,74,70,88,98,69,65,69,70,69,74,75,85,70,83,51,70,85,80,73,65,80,90,86,2817,,,,,,,,,silver,,silver,,silver,silver,,,,,,,,,,,,,gold,bronze,,gold,gold,silver,bronze,gold,silver,gold,gold,,gold,silver
125,Sevgi Uzun,,,Dallas Wings,1,PG,SG,Steady Playmaker,"5'10""",178,141,63,"6'2""",188,,,"November 25, 1997",Turkey,,71,71,66,59,62,81,98,60,74,77,78,40,70,80,90,80,48,78,25,25,30,34,63,50,82,76,78,78,77,78,70,56,34,69,66,44,60,58,60,37,31,42,60,76,2309,,,,,,,,,,,,,,,,,,,,,,,,,,,,,,,,,,,,,,,,
126,Shakira Austin,,,Washington Mystics,0,C,PF,Inside-Out Board Hunter,"6'5""",196,190,86,"6'9""",206,,,"July 25, 2000","Fredericksburg, Virginia",,83,76,88,62,75,67,85,80,78,76,69,84,70,84,80,80,65,81,25,25,74,75,79,75,84,49,47,48,64,48,40,73,75,64,61,82,79,64,85,80,72,87,98,94,2626,,,,gold,,,,,,,,,silver,,,,,,,,,,,,,bronze,,bronze,,,,,,,bronze,silver,silver,silver,,
127,Shatori Walker-Kimbrough,,,Washington Mystics,32,SG,PG,3 & D Threat,"5'10""",178,140,63,"6'2""",188,,,"May 18, 1995","Aliquippa, Pennsylvania",,74,75,77,72,80,78,85,60,73,77,74,40,64,90,88,80,46,70,25,25,27,38,42,65,78,71,75,74,77,74,55,67,45,78,76,58,70,75,65,37,32,42,98,74,2403,,,,,,,,,,,,,,,,,,,,,,,,,,,,,,,,,,,,,,,,
128,Sika Koné,,,Washington Mystics,3,PF,C,Stretch Four,"6'3""",191,180,81,"6'7""",201,,,"July 13, 2002","Bamako, Mali",,74,70,65,78,79,80,75,45,71,69,61,68,60,81,80,80,58,72,25,25,64,64,60,74,80,54,55,60,68,60,29,58,74,62,36,51,69,70,45,59,72,45,80,86,2347,,,,silver,,,,,,,,,,,,,,,,,,,,,,,,,,,,,,,,,,bronze,,
129,Skylar Diggins-Smith,,,Seattle Storm,4,PG,,Inside the Arc Playmaker,"5'9""",175,145,65,"6'0""",183,,,"August 2, 1990","South Bend, Indiana",,84,81,77,76,71,85,80,95,70,93,81,31,67,80,56,80,54,89,25,25,25,60,30,90,88,89,85,91,93,93,83,70,54,76,76,61,75,70,75,39,36,41,75,86,2574,,,,,,,gold,,gold,,gold,,,,,,,bronze,,hof,gold,,gold,gold,gold,,,,,,,,,,,,,,,
130,Sophie Cunningham,,,Phoenix Mercury,9,SF,PF,Shot-Creating 3-Level Threat,"6'1""",185,170,77,"6'5""",196,,,"August 16, 1996","Columbia, Missouri",,79,82,84,80,89,85,90,65,68,70,68,46,65,75,75,80,52,81,25,25,47,48,46,65,80,66,69,74,68,74,47,54,50,65,48,45,69,60,40,46,36,55,98,79,2366,bronze,,,bronze,,,,,,,,,,,,,,,,,,,,,,,,,,,,,,,,,,,,
131,Stefanie Dolson,,,Washington Mystics,31,C,PF,Skilled Stretch,"6'5""",196,235,106,"6'9""",206,,,"January 8, 1992","Port Jervis, New York",,83,85,85,79,96,77,98,75,73,64,52,89,54,83,88,80,57,69,25,25,62,64,75,40,98,71,68,88,44,88,67,61,68,57,40,65,79,54,65,54,42,66,60,83,2512,gold,gold,,hof,,,,,,,,,,,,,,,,,,,,,,,,,,,,,,,,,,bronze,,
132,Stephanie Soares,,,Dallas Wings,10,C,,Middy-Scoring Board Hunter,"6'6""",198,196,88,"6'10""",208,,,,,,71,63,66,77,26,74,85,50,68,40,45,65,75,80,90,80,54,63,25,25,70,54,63,50,82,45,60,47,38,47,35,51,64,50,36,70,60,40,35,78,79,76,90,76,2188,,,,,,,,,,,,,,,,,,,,,,,,,,,,,,,,,,,,,,,,
133,Stephanie Talbot,,,Los Angeles Sparks,7,SF,SG,3 & D Threat,"6'2""",188,192,86,"6'6""",198,,,"June 15, 1994",,,75,75,82,64,78,86,84,55,73,73,69,65,66,80,80,80,52,80,25,25,54,56,56,42,75,66,62,68,65,68,65,62,68,71,43,62,68,59,65,54,41,66,80,80,2406,,,,,,,,,,,,,,,,,,,,,,,,,,,,,,,,,,,,,,,gold,
134,Sug Sutton,,,Washington Mystics,1,PG,SG,Steady Playmaker,"5'8""",173,140,63,"5'11""",180,,,"December 17, 1998","St. Louis, Missouri",,76,74,70,75,67,80,85,65,74,77,75,49,74,85,80,80,44,74,25,25,27,41,28,50,80,76,74,78,75,78,73,55,48,64,51,32,67,60,60,37,36,38,50,78,2274,,,,,,,,,,,,,,,,,,,,,,,,,,,,,,,,,,,,,,,,
135,Sydney Colson,,,Las Vegas Aces,51,PG,SG,Steady Playmaker,"5'8""",173,140,63,"5'11""",180,,,"August 6, 1989","Houston, Texas",,73,73,62,80,68,82,88,60,75,80,80,33,75,85,89,80,47,60,25,25,31,46,40,51,95,78,60,85,80,85,78,57,33,76,35,25,75,86,70,36,38,34,60,79,2334,,,,,,,,,,,,,,,,,,,,silver,,,,,,,gold,,,,silver,,,silver,,,,,,
136,Teaira McCowan,,,Dallas Wings,15,C,,Defensive Anchor,"6'7""",201,239,108,"6'11""",211,,,"September 28, 1996","Bryan, Texas",,88,76,92,68,30,69,98,98,80,64,68,95,66,95,95,80,71,83,25,25,88,84,85,80,95,58,62,66,52,66,42,71,80,62,48,72,89,65,80,84,87,81,98,88,2721,,,,,,,,gold,,silver,,silver,gold,gold,,,,,,,,,,,,,,silver,silver,,,,silver,,silver,gold,silver,gold,,silver
137,Temi Fagbenle,,,Indiana Fever,14,C,PF,Versatile Defender,"6'4""",193,179,81,"6'8""",203,,,,,,77,71,69,72,50,70,98,65,73,64,67,65,67,80,90,80,57,74,25,25,67,59,63,58,82,54,60,64,48,64,34,66,69,68,46,72,73,67,65,71,73,69,98,77,2437,,,,silver,,,,,,,,,,,,,,,,,,,,,,,,,,silver,,,,,,,silver,gold,,
138,Tiffany Hayes,,,Las Vegas Aces,15,SG,PG,2-Way 3-Level Shot Creator,"5'10""",178,155,70,"6'2""",188,,,"September 20, 1989","Fort Polk, Louisiana",,79,76,89,76,81,71,70,70,80,88,89,51,73,90,89,80,58,84,25,25,54,59,52,75,93,73,72,71,87,71,62,67,71,84,43,41,85,59,85,45,42,47,70,79,2553,,,bronze,,,,gold,,gold,,,,,,,,bronze,gold,silver,,bronze,gold,,,,silver,,,,,silver,silver,,bronze,,,,,,bronze
139,Tiffany Mitchell,,,Connecticut Sun,3,SG,PG,Steady Combo Guard,"5'9""",175,169,76,"6'0""",183,,,"September 23, 1994","Charlotte, North Carolina",,73,66,65,71,69,78,50,65,79,87,84,47,77,85,95,80,54,79,25,25,44,58,38,70,95,77,86,84,85,84,47,60,52,68,43,30,84,71,75,41,41,41,50,80,2408,,,,,,,,,gold,,,,,,,,,,,,,gold,,,,,,,,bronze,silver,,,,,,,,,
140,Tina Charles,,,Atlanta Dream,31,PF,SF,3-Level Scoring Threat,"6'4""",193,192,86,"6'8""",203,,,,,,83,82,85,72,78,76,98,80,73,62,49,88,52,85,95,80,68,79,25,25,88,88,88,52,95,53,54,55,42,55,60,65,78,60,43,53,74,77,70,75,66,84,98,83,2592,,,,,,,,,,silver,,,bronze,silver,,,,,,,,,,,,,,,silver,,,,silver,,,silver,silver,silver,,
141,Tyasha Harris,,,Connecticut Sun,52,PG,SG,Perimeter Threat,"5'10""",178,152,68,"6'2""",188,,,"May 1, 1998","Noblesville, Indiana",,80,81,72,79,85,76,98,75,69,80,71,41,68,80,65,80,51,72,25,25,37,32,38,81,98,75,72,80,80,80,65,57,34,64,66,40,60,62,75,34,30,37,98,80,2401,silver,,,gold,silver,,,,,,,,,,,,,,,,,,,,,,,,,,,,,,,,,,,
142,Veronica Burton,,,Connecticut Sun,22,PG,,Steady Playmaker,"5'9""",175,155,70,"6'0""",183,,,"July 12, 2000","Newton, Massachusetts",,75,71,70,69,63,91,85,50,82,85,79,69,72,92,95,80,50,78,25,25,30,35,32,79,95,80,80,80,85,80,76,68,42,72,56,55,84,84,85,47,48,45,60,85,2516,,,,,,,,,,,,,,,,,,,,,,,,,,,,,,bronze,,,,,,,,,,
143,Victaria Saxton,,,Indiana Fever,5,PF,C,Versatile Defender,"6'2""",188,181,81,"6'6""",198,,,"November 9, 1999","Rome, Georgia",,71,60,69,66,32,69,75,50,73,55,60,79,60,79,95,80,51,66,25,25,51,59,65,49,64,48,54,50,54,50,31,68,75,78,43,67,73,72,70,71,74,68,50,79,2261,,,,,,,,,,,,,,,,,,,,,,,,,,,,,,,,,,,,,,,,
144,Victoria Vivians,,,Seattle Storm,35,SG,SF,Inside-Out Shot Creator,"6'1""",185,183,82,"6'5""",196,,,"November 17, 1994","Jackson, Mississippi",,74,76,84,65,75,86,90,55,72,74,70,60,65,88,70,80,45,82,25,25,27,39,29,60,71,70,78,78,69,78,47,56,51,62,73,45,65,54,40,54,38,70,98,86,2352,bronze,,,,,,,,,,,,,,,,,,,,,,,,,,,,,,,,,,,,,,silver,
145,Zia Cooke,,,Los Angeles Sparks,1,SG,SF,Perimeter Defender,"5'9""",175,163,73,"6'0""",183,,,"January 9, 2001","Toledo, Ohio",,70,73,54,70,65,78,80,90,79,84,78,57,60,98,95,80,52,75,25,25,43,42,42,83,84,71,65,79,80,79,50,60,38,74,38,58,71,73,70,42,36,48,25,80,2372,,,,,,,,,,,,,,,,,,,,,,,,,,,,,,,,,,,,,,,,
